jurisdiccion,ambito,tipo_gestion,nivel_desempeno,porcentaje,anio_evaluacion,nivel_educativo,anio_escolar
Buenos Aires,Rural,Estatal,Por debajo del básico,63.18119724929628,2024,Secundario,5to año / 6to año
Buenos Aires,Rural,Privado,Por debajo del básico,44.11218145622193,2024,Secundario,5to año / 6to año
Buenos Aires,Urbano,Estatal,Por debajo del básico,64.27467011598628,2024,Secundario,5to año / 6to año
Buenos Aires,Urbano,Privado,Por debajo del básico,38.64679371190752,2024,Secundario,5to año / 6to año
Catamarca,Rural,Estatal,Por debajo del básico,74.60566775697298,2024,Secundario,5to año / 6to año
Catamarca,Urbano,Estatal,Por debajo del básico,70.83533182136905,2024,Secundario,5to año / 6to año
Catamarca,Urbano,Privado,Por debajo del básico,51.658044018428185,2024,Secundario,5to año / 6to año
Chaco,Rural,Estatal,Por debajo del básico,83.53443782999392,2024,Secundario,5to año / 6to año
Chaco,Rural,Privado,Por debajo del básico,75.09368786916987,2024,Secundario,5to año / 6to año
Chaco,Urbano,Estatal,Por debajo del básico,73.41568933314741,2024,Secundario,5to año / 6to año
Chaco,Urbano,Privado,Por debajo del básico,55.58259044838015,2024,Secundario,5to año / 6to año
Chubut,Rural,Estatal,Por debajo del básico,54.52700008655067,2024,Secundario,5to año / 6to año
Chubut,Rural,Privado,Por debajo del básico,37.50000000000001,2024,Secundario,5to año / 6to año
Chubut,Urbano,Estatal,Por debajo del básico,58.157941040661065,2024,Secundario,5to año / 6to año
Chubut,Urbano,Privado,Por debajo del básico,31.545390526530614,2024,Secundario,5to año / 6to año
Ciudad Autónoma de Buenos Aires,Urbano,Estatal,Por debajo del básico,43.201674499843186,2024,Secundario,5to año / 6to año
Ciudad Autónoma de Buenos Aires,Urbano,Privado,Por debajo del básico,27.33645109503754,2024,Secundario,5to año / 6to año
Corrientes,Rural,Estatal,Por debajo del básico,77.41072951748642,2024,Secundario,5to año / 6to año
Corrientes,Rural,Privado,Por debajo del básico,66.91685997435764,2024,Secundario,5to año / 6to año
Corrientes,Urbano,Estatal,Por debajo del básico,66.93869603822215,2024,Secundario,5to año / 6to año
Corrientes,Urbano,Privado,Por debajo del básico,49.469418946246414,2024,Secundario,5to año / 6to año
Córdoba,Rural,Estatal,Por debajo del básico,56.05010818251248,2024,Secundario,5to año / 6to año
Córdoba,Rural,Privado,Por debajo del básico,39.455172221514864,2024,Secundario,5to año / 6to año
Córdoba,Urbano,Estatal,Por debajo del básico,55.52166219904474,2024,Secundario,5to año / 6to año
Córdoba,Urbano,Privado,Por debajo del básico,30.60125858561178,2024,Secundario,5to año / 6to año
Entre Ríos,Rural,Estatal,Por debajo del básico,58.42878313340903,2024,Secundario,5to año / 6to año
Entre Ríos,Rural,Privado,Por debajo del básico,38.27439112793547,2024,Secundario,5to año / 6to año
Entre Ríos,Urbano,Estatal,Por debajo del básico,54.80334868413029,2024,Secundario,5to año / 6to año
Entre Ríos,Urbano,Privado,Por debajo del básico,38.27023604306146,2024,Secundario,5to año / 6to año
Formosa,Rural,Estatal,Por debajo del básico,60.13003963301191,2024,Secundario,5to año / 6to año
Formosa,Rural,Privado,Por debajo del básico,49.8039216516877,2024,Secundario,5to año / 6to año
Formosa,Urbano,Estatal,Por debajo del básico,69.41207909665415,2024,Secundario,5to año / 6to año
Formosa,Urbano,Privado,Por debajo del básico,49.389820020256906,2024,Secundario,5to año / 6to año
Jujuy,Rural,Estatal,Por debajo del básico,66.32879198199836,2024,Secundario,5to año / 6to año
Jujuy,Urbano,Estatal,Por debajo del básico,56.47185221554323,2024,Secundario,5to año / 6to año
Jujuy,Urbano,Privado,Por debajo del básico,45.21672495712165,2024,Secundario,5to año / 6to año
La Pampa,Rural,Estatal,Por debajo del básico,55.51002442920395,2024,Secundario,5to año / 6to año
La Pampa,Urbano,Estatal,Por debajo del básico,56.682221162642264,2024,Secundario,5to año / 6to año
La Pampa,Urbano,Privado,Por debajo del básico,33.424583271387235,2024,Secundario,5to año / 6to año
La Rioja,Rural,Estatal,Por debajo del básico,70.44119016026559,2024,Secundario,5to año / 6to año
La Rioja,Rural,Privado,Por debajo del básico,61.90476201360543,2024,Secundario,5to año / 6to año
La Rioja,Urbano,Estatal,Por debajo del básico,69.05516047326729,2024,Secundario,5to año / 6to año
La Rioja,Urbano,Privado,Por debajo del básico,45.19568519258747,2024,Secundario,5to año / 6to año
Mendoza,Rural,Estatal,Por debajo del básico,67.27706120086985,2024,Secundario,5to año / 6to año
Mendoza,Rural,Privado,Por debajo del básico,41.38573649644369,2024,Secundario,5to año / 6to año
Mendoza,Urbano,Estatal,Por debajo del básico,58.15907435037019,2024,Secundario,5to año / 6to año
Mendoza,Urbano,Privado,Por debajo del básico,41.62287235762901,2024,Secundario,5to año / 6to año
Misiones,Rural,Estatal,Por debajo del básico,74.84024495656288,2024,Secundario,5to año / 6to año
Misiones,Rural,Privado,Por debajo del básico,61.87641783649003,2024,Secundario,5to año / 6to año
Misiones,Urbano,Estatal,Por debajo del básico,68.34515809419143,2024,Secundario,5to año / 6to año
Misiones,Urbano,Privado,Por debajo del básico,53.15622420143511,2024,Secundario,5to año / 6to año
Neuquén,Rural,Estatal,Por debajo del básico,73.82454868447682,2024,Secundario,5to año / 6to año
Neuquén,Rural,Privado,Por debajo del básico,71.42857142857143,2024,Secundario,5to año / 6to año
Neuquén,Urbano,Estatal,Por debajo del básico,52.951766782402466,2024,Secundario,5to año / 6to año
Neuquén,Urbano,Privado,Por debajo del básico,37.751654289973594,2024,Secundario,5to año / 6to año
Río Negro,Rural,Estatal,Por debajo del básico,66.45845388957994,2024,Secundario,5to año / 6to año
Río Negro,Urbano,Estatal,Por debajo del básico,56.51417423070536,2024,Secundario,5to año / 6to año
Río Negro,Urbano,Privado,Por debajo del básico,31.090332840288077,2024,Secundario,5to año / 6to año
Salta,Rural,Estatal,Por debajo del básico,71.1183832389415,2024,Secundario,5to año / 6to año
Salta,Rural,Privado,Por debajo del básico,63.66459628394091,2024,Secundario,5to año / 6to año
Salta,Urbano,Estatal,Por debajo del básico,58.16586551214844,2024,Secundario,5to año / 6to año
Salta,Urbano,Privado,Por debajo del básico,33.80261642606614,2024,Secundario,5to año / 6to año
San Juan,Rural,Estatal,Por debajo del básico,78.07656112914158,2024,Secundario,5to año / 6to año
San Juan,Rural,Privado,Por debajo del básico,75.03896099977736,2024,Secundario,5to año / 6to año
San Juan,Urbano,Estatal,Por debajo del básico,63.42667077031684,2024,Secundario,5to año / 6to año
San Juan,Urbano,Privado,Por debajo del básico,49.49499673923495,2024,Secundario,5to año / 6to año
San Luis,Rural,Estatal,Por debajo del básico,63.71039783126835,2024,Secundario,5to año / 6to año
San Luis,Urbano,Estatal,Por debajo del básico,61.02375497631597,2024,Secundario,5to año / 6to año
San Luis,Urbano,Privado,Por debajo del básico,41.5255555000663,2024,Secundario,5to año / 6to año
Santa Cruz,Rural,Estatal,Por debajo del básico,55.6038209528288,2024,Secundario,5to año / 6to año
Santa Cruz,Urbano,Estatal,Por debajo del básico,63.20040018380186,2024,Secundario,5to año / 6to año
Santa Cruz,Urbano,Privado,Por debajo del básico,36.73793559251376,2024,Secundario,5to año / 6to año
Santa Fe,Rural,Estatal,Por debajo del básico,60.61883941701174,2024,Secundario,5to año / 6to año
Santa Fe,Rural,Privado,Por debajo del básico,46.90975965164584,2024,Secundario,5to año / 6to año
Santa Fe,Urbano,Estatal,Por debajo del básico,57.374512524753996,2024,Secundario,5to año / 6to año
Santa Fe,Urbano,Privado,Por debajo del básico,40.48845466052682,2024,Secundario,5to año / 6to año
Santiago del Estero,Rural,Estatal,Por debajo del básico,68.63149764480096,2024,Secundario,5to año / 6to año
Santiago del Estero,Rural,Privado,Por debajo del básico,78.14578467637773,2024,Secundario,5to año / 6to año
Santiago del Estero,Urbano,Estatal,Por debajo del básico,72.70424757949372,2024,Secundario,5to año / 6to año
Santiago del Estero,Urbano,Privado,Por debajo del básico,58.93521442866031,2024,Secundario,5to año / 6to año
"Tierra del Fuego, Antártida e Islas del Atlántico Sur",Rural,Estatal,Por debajo del básico,0.0,2024,Secundario,5to año / 6to año
"Tierra del Fuego, Antártida e Islas del Atlántico Sur",Urbano,Estatal,Por debajo del básico,59.39096873774232,2024,Secundario,5to año / 6to año
"Tierra del Fuego, Antártida e Islas del Atlántico Sur",Urbano,Privado,Por debajo del básico,33.5581860157826,2024,Secundario,5to año / 6to año
Tucumán,Rural,Estatal,Por debajo del básico,76.98637138767506,2024,Secundario,5to año / 6to año
Tucumán,Rural,Privado,Por debajo del básico,59.27400073277275,2024,Secundario,5to año / 6to año
Tucumán,Urbano,Estatal,Por debajo del básico,70.79755396824632,2024,Secundario,5to año / 6to año
Tucumán,Urbano,Privado,Por debajo del básico,47.53611204151435,2024,Secundario,5to año / 6to año
Buenos Aires,Rural,Estatal,Básico,25.976281434569465,2024,Secundario,5to año / 6to año
Buenos Aires,Rural,Privado,Básico,31.399400352287483,2024,Secundario,5to año / 6to año
Buenos Aires,Urbano,Estatal,Básico,25.3803158122203,2024,Secundario,5to año / 6to año
Buenos Aires,Urbano,Privado,Básico,32.40334555961856,2024,Secundario,5to año / 6to año
Catamarca,Rural,Estatal,Básico,21.20606654096799,2024,Secundario,5to año / 6to año
Catamarca,Urbano,Estatal,Básico,21.089801336769426,2024,Secundario,5to año / 6to año
Catamarca,Urbano,Privado,Básico,34.609581359451894,2024,Secundario,5to año / 6to año
Chaco,Rural,Estatal,Básico,13.131823524205593,2024,Secundario,5to año / 6to año
Chaco,Rural,Privado,Básico,18.47534084988993,2024,Secundario,5to año / 6to año
Chaco,Urbano,Estatal,Básico,19.560796049058332,2024,Secundario,5to año / 6to año
Chaco,Urbano,Privado,Básico,30.518378067124587,2024,Secundario,5to año / 6to año
Chubut,Rural,Estatal,Básico,30.808753369246354,2024,Secundario,5to año / 6to año
Chubut,Rural,Privado,Básico,43.75000000000001,2024,Secundario,5to año / 6to año
Chubut,Urbano,Estatal,Básico,27.828698288501496,2024,Secundario,5to año / 6to año
Chubut,Urbano,Privado,Básico,33.25542025981642,2024,Secundario,5to año / 6to año
Ciudad Autónoma de Buenos Aires,Urbano,Estatal,Básico,28.90821182665625,2024,Secundario,5to año / 6to año
Ciudad Autónoma de Buenos Aires,Urbano,Privado,Básico,31.92080104282038,2024,Secundario,5to año / 6to año
Corrientes,Rural,Estatal,Básico,18.30711472176016,2024,Secundario,5to año / 6to año
Corrientes,Rural,Privado,Básico,25.446630792405305,2024,Secundario,5to año / 6to año
Corrientes,Urbano,Estatal,Básico,23.97142424210302,2024,Secundario,5to año / 6to año
Corrientes,Urbano,Privado,Básico,30.18959561498776,2024,Secundario,5to año / 6to año
Córdoba,Rural,Estatal,Básico,30.317743521946884,2024,Secundario,5to año / 6to año
Córdoba,Rural,Privado,Básico,32.84884591202587,2024,Secundario,5to año / 6to año
Córdoba,Urbano,Estatal,Básico,29.52410609416571,2024,Secundario,5to año / 6to año
Córdoba,Urbano,Privado,Básico,34.20895082785132,2024,Secundario,5to año / 6to año
Entre Ríos,Rural,Estatal,Básico,28.3002673741849,2024,Secundario,5to año / 6to año
Entre Ríos,Rural,Privado,Básico,36.48317541961517,2024,Secundario,5to año / 6to año
Entre Ríos,Urbano,Estatal,Básico,30.690385722116126,2024,Secundario,5to año / 6to año
Entre Ríos,Urbano,Privado,Básico,35.21916219318603,2024,Secundario,5to año / 6to año
Formosa,Rural,Estatal,Básico,24.490654045228723,2024,Secundario,5to año / 6to año
Formosa,Rural,Privado,Básico,42.801120350880126,2024,Secundario,5to año / 6to año
Formosa,Urbano,Estatal,Básico,21.580334557516395,2024,Secundario,5to año / 6to año
Formosa,Urbano,Privado,Básico,30.837107711965324,2024,Secundario,5to año / 6to año
Jujuy,Rural,Estatal,Básico,26.461214369088847,2024,Secundario,5to año / 6to año
Jujuy,Urbano,Estatal,Básico,28.48209712632674,2024,Secundario,5to año / 6to año
Jujuy,Urbano,Privado,Básico,32.20777170826728,2024,Secundario,5to año / 6to año
La Pampa,Rural,Estatal,Básico,27.40638239730379,2024,Secundario,5to año / 6to año
La Pampa,Urbano,Estatal,Básico,28.921083518963993,2024,Secundario,5to año / 6to año
La Pampa,Urbano,Privado,Básico,29.902948631936926,2024,Secundario,5to año / 6to año
La Rioja,Rural,Estatal,Básico,21.16362343274015,2024,Secundario,5to año / 6to año
La Rioja,Rural,Privado,Básico,23.095237757823135,2024,Secundario,5to año / 6to año
La Rioja,Urbano,Estatal,Básico,24.562401203269133,2024,Secundario,5to año / 6to año
La Rioja,Urbano,Privado,Básico,32.79527733416622,2024,Secundario,5to año / 6to año
Mendoza,Rural,Estatal,Básico,25.503189409821577,2024,Secundario,5to año / 6to año
Mendoza,Rural,Privado,Básico,34.496014667796956,2024,Secundario,5to año / 6to año
Mendoza,Urbano,Estatal,Básico,26.497730487849825,2024,Secundario,5to año / 6to año
Mendoza,Urbano,Privado,Básico,32.079550116388745,2024,Secundario,5to año / 6to año
Misiones,Rural,Estatal,Básico,20.80635896005407,2024,Secundario,5to año / 6to año
Misiones,Rural,Privado,Básico,27.66441602544476,2024,Secundario,5to año / 6to año
Misiones,Urbano,Estatal,Básico,22.74382229265535,2024,Secundario,5to año / 6to año
Misiones,Urbano,Privado,Básico,30.27603924463813,2024,Secundario,5to año / 6to año
Neuquén,Rural,Estatal,Básico,19.557328159919457,2024,Secundario,5to año / 6to año
Neuquén,Rural,Privado,Básico,28.571428571428577,2024,Secundario,5to año / 6to año
Neuquén,Urbano,Estatal,Básico,31.02474577829229,2024,Secundario,5to año / 6to año
Neuquén,Urbano,Privado,Básico,33.05906603931746,2024,Secundario,5to año / 6to año
Río Negro,Rural,Estatal,Básico,24.703991546868114,2024,Secundario,5to año / 6to año
Río Negro,Urbano,Estatal,Básico,29.302302073160106,2024,Secundario,5to año / 6to año
Río Negro,Urbano,Privado,Básico,30.346471335427232,2024,Secundario,5to año / 6to año
Salta,Rural,Estatal,Básico,22.30763602466807,2024,Secundario,5to año / 6to año
Salta,Rural,Privado,Básico,31.987577703645464,2024,Secundario,5to año / 6to año
Salta,Urbano,Estatal,Básico,28.824269696919895,2024,Secundario,5to año / 6to año
Salta,Urbano,Privado,Básico,35.03922770635826,2024,Secundario,5to año / 6to año
San Juan,Rural,Estatal,Básico,18.914986394270166,2024,Secundario,5to año / 6to año
San Juan,Rural,Privado,Básico,12.493506500037105,2024,Secundario,5to año / 6to año
San Juan,Urbano,Estatal,Básico,24.89400700349855,2024,Secundario,5to año / 6to año
San Juan,Urbano,Privado,Básico,35.96067992651115,2024,Secundario,5to año / 6to año
San Luis,Rural,Estatal,Básico,24.8459622130097,2024,Secundario,5to año / 6to año
San Luis,Urbano,Estatal,Básico,27.747170546818534,2024,Secundario,5to año / 6to año
San Luis,Urbano,Privado,Básico,32.81146253461951,2024,Secundario,5to año / 6to año
Santa Cruz,Rural,Estatal,Básico,28.98743091213439,2024,Secundario,5to año / 6to año
Santa Cruz,Urbano,Estatal,Básico,26.37132665156011,2024,Secundario,5to año / 6to año
Santa Cruz,Urbano,Privado,Básico,39.71122087833266,2024,Secundario,5to año / 6to año
Santa Fe,Rural,Estatal,Básico,28.461545305089242,2024,Secundario,5to año / 6to año
Santa Fe,Rural,Privado,Básico,30.381843983483375,2024,Secundario,5to año / 6to año
Santa Fe,Urbano,Estatal,Básico,27.724738490633865,2024,Secundario,5to año / 6to año
Santa Fe,Urbano,Privado,Básico,31.96029114083468,2024,Secundario,5to año / 6to año
Santiago del Estero,Rural,Estatal,Básico,20.33998477389962,2024,Secundario,5to año / 6to año
Santiago del Estero,Rural,Privado,Básico,18.78826158334612,2024,Secundario,5to año / 6to año
Santiago del Estero,Urbano,Estatal,Básico,21.680208798607232,2024,Secundario,5to año / 6to año
Santiago del Estero,Urbano,Privado,Básico,28.676416055625165,2024,Secundario,5to año / 6to año
"Tierra del Fuego, Antártida e Islas del Atlántico Sur",Rural,Estatal,Básico,100.0,2024,Secundario,5to año / 6to año
"Tierra del Fuego, Antártida e Islas del Atlántico Sur",Urbano,Estatal,Básico,28.227715955654485,2024,Secundario,5to año / 6to año
"Tierra del Fuego, Antártida e Islas del Atlántico Sur",Urbano,Privado,Básico,34.11062232617449,2024,Secundario,5to año / 6to año
Tucumán,Rural,Estatal,Básico,18.028579360270868,2024,Secundario,5to año / 6to año
Tucumán,Rural,Privado,Básico,29.758497420287476,2024,Secundario,5to año / 6to año
Tucumán,Urbano,Estatal,Básico,20.733615280042297,2024,Secundario,5to año / 6to año
Tucumán,Urbano,Privado,Básico,28.897331939705783,2024,Secundario,5to año / 6to año
Buenos Aires,Rural,Estatal,Satisfactorio,10.81544114633466,2024,Secundario,5to año / 6to año
Buenos Aires,Rural,Privado,Satisfactorio,24.35542349546947,2024,Secundario,5to año / 6to año
Buenos Aires,Urbano,Estatal,Satisfactorio,10.296741264763915,2024,Secundario,5to año / 6to año
Buenos Aires,Urbano,Privado,Satisfactorio,28.703632058398814,2024,Secundario,5to año / 6to año
Catamarca,Rural,Estatal,Satisfactorio,4.188265702059028,2024,Secundario,5to año / 6to año
Catamarca,Urbano,Estatal,Satisfactorio,8.074866841861526,2024,Secundario,5to año / 6to año
Catamarca,Urbano,Privado,Satisfactorio,13.632382705344886,2024,Secundario,5to año / 6to año
Chaco,Rural,Estatal,Satisfactorio,3.0473057341329444,2024,Secundario,5to año / 6to año
Chaco,Rural,Privado,Satisfactorio,6.430971280940207,2024,Secundario,5to año / 6to año
Chaco,Urbano,Estatal,Satisfactorio,7.010738599823893,2024,Secundario,5to año / 6to año
Chaco,Urbano,Privado,Satisfactorio,13.860431813619295,2024,Secundario,5to año / 6to año
Chubut,Rural,Estatal,Satisfactorio,14.502830535829075,2024,Secundario,5to año / 6to año
Chubut,Rural,Privado,Satisfactorio,18.750000000000004,2024,Secundario,5to año / 6to año
Chubut,Urbano,Estatal,Satisfactorio,13.98724482410274,2024,Secundario,5to año / 6to año
Chubut,Urbano,Privado,Satisfactorio,34.947061803112724,2024,Secundario,5to año / 6to año
Ciudad Autónoma de Buenos Aires,Urbano,Estatal,Satisfactorio,27.446080756568737,2024,Secundario,5to año / 6to año
Ciudad Autónoma de Buenos Aires,Urbano,Privado,Satisfactorio,40.08298742279212,2024,Secundario,5to año / 6to año
Corrientes,Rural,Estatal,Satisfactorio,4.282155760753426,2024,Secundario,5to año / 6to año
Corrientes,Rural,Privado,Satisfactorio,7.636509233237043,2024,Secundario,5to año / 6to año
Corrientes,Urbano,Estatal,Satisfactorio,9.039548977279368,2024,Secundario,5to año / 6to año
Corrientes,Urbano,Privado,Satisfactorio,20.160948083573878,2024,Secundario,5to año / 6to año
Córdoba,Rural,Estatal,Satisfactorio,13.550242638195744,2024,Secundario,5to año / 6to año
Córdoba,Rural,Privado,Satisfactorio,27.695981866459256,2024,Secundario,5to año / 6to año
Córdoba,Urbano,Estatal,Satisfactorio,14.857545123509242,2024,Secundario,5to año / 6to año
Córdoba,Urbano,Privado,Satisfactorio,34.838301898587794,2024,Secundario,5to año / 6to año
Entre Ríos,Rural,Estatal,Satisfactorio,13.188647833398374,2024,Secundario,5to año / 6to año
Entre Ríos,Rural,Privado,Satisfactorio,25.242433452449358,2024,Secundario,5to año / 6to año
Entre Ríos,Urbano,Estatal,Satisfactorio,14.437043986300841,2024,Secundario,5to año / 6to año
Entre Ríos,Urbano,Privado,Satisfactorio,26.281979576054365,2024,Secundario,5to año / 6to año
Formosa,Rural,Estatal,Satisfactorio,15.379306321759376,2024,Secundario,5to año / 6to año
Formosa,Rural,Privado,Satisfactorio,7.3949579974321775,2024,Secundario,5to año / 6to año
Formosa,Urbano,Estatal,Satisfactorio,8.934845204018602,2024,Secundario,5to año / 6to año
Formosa,Urbano,Privado,Satisfactorio,19.773072267777763,2024,Secundario,5to año / 6to año
Jujuy,Rural,Estatal,Satisfactorio,7.209993648912808,2024,Secundario,5to año / 6to año
Jujuy,Urbano,Estatal,Satisfactorio,14.997341438252837,2024,Secundario,5to año / 6to año
Jujuy,Urbano,Privado,Satisfactorio,22.499634082692957,2024,Secundario,5to año / 6to año
La Pampa,Rural,Estatal,Satisfactorio,17.083593173492247,2024,Secundario,5to año / 6to año
La Pampa,Urbano,Estatal,Satisfactorio,14.200261055639956,2024,Secundario,5to año / 6to año
La Pampa,Urbano,Privado,Satisfactorio,36.433602327509284,2024,Secundario,5to año / 6to año
La Rioja,Rural,Estatal,Satisfactorio,8.395186406994263,2024,Secundario,5to año / 6to año
La Rioja,Rural,Privado,Satisfactorio,15.000000228571423,2024,Secundario,5to año / 6to año
La Rioja,Urbano,Estatal,Satisfactorio,6.35271355541082,2024,Secundario,5to año / 6to año
La Rioja,Urbano,Privado,Satisfactorio,21.876909850595364,2024,Secundario,5to año / 6to año
Mendoza,Rural,Estatal,Satisfactorio,7.2197493893085625,2024,Secundario,5to año / 6to año
Mendoza,Rural,Privado,Satisfactorio,24.118248835759328,2024,Secundario,5to año / 6to año
Mendoza,Urbano,Estatal,Satisfactorio,15.222051708199228,2024,Secundario,5to año / 6to año
Mendoza,Urbano,Privado,Satisfactorio,25.94754117062252,2024,Secundario,5to año / 6to año
Misiones,Rural,Estatal,Satisfactorio,4.353396083383041,2024,Secundario,5to año / 6to año
Misiones,Rural,Privado,Satisfactorio,10.459166138065203,2024,Secundario,5to año / 6to año
Misiones,Urbano,Estatal,Satisfactorio,8.911019613153199,2024,Secundario,5to año / 6to año
Misiones,Urbano,Privado,Satisfactorio,16.456131637119736,2024,Secundario,5to año / 6to año
Neuquén,Rural,Estatal,Satisfactorio,6.618123155603723,2024,Secundario,5to año / 6to año
Neuquén,Rural,Privado,Satisfactorio,0.0,2024,Secundario,5to año / 6to año
Neuquén,Urbano,Estatal,Satisfactorio,16.02348743930524,2024,Secundario,5to año / 6to año
Neuquén,Urbano,Privado,Satisfactorio,28.54413870161575,2024,Secundario,5to año / 6to año
Río Negro,Rural,Estatal,Satisfactorio,8.837554563551917,2024,Secundario,5to año / 6to año
Río Negro,Urbano,Estatal,Satisfactorio,14.163627651981706,2024,Secundario,5to año / 6to año
Río Negro,Urbano,Privado,Satisfactorio,38.07730160262844,2024,Secundario,5to año / 6to año
Salta,Rural,Estatal,Satisfactorio,6.573980736390421,2024,Secundario,5to año / 6to año
Salta,Rural,Privado,Satisfactorio,4.347826012413622,2024,Secundario,5to año / 6to año
Salta,Urbano,Estatal,Satisfactorio,12.961566975242784,2024,Secundario,5to año / 6to año
Salta,Urbano,Privado,Satisfactorio,30.88839882510388,2024,Secundario,5to año / 6to año
San Juan,Rural,Estatal,Satisfactorio,3.008452476588239,2024,Secundario,5to año / 6to año
San Juan,Rural,Privado,Satisfactorio,12.467532500185527,2024,Secundario,5to año / 6to año
San Juan,Urbano,Estatal,Satisfactorio,11.605934865323425,2024,Secundario,5to año / 6to año
San Juan,Urbano,Privado,Satisfactorio,14.544323334253903,2024,Secundario,5to año / 6to año
San Luis,Rural,Estatal,Satisfactorio,11.443639955721952,2024,Secundario,5to año / 6to año
San Luis,Urbano,Estatal,Satisfactorio,11.131512920719326,2024,Secundario,5to año / 6to año
San Luis,Urbano,Privado,Satisfactorio,25.225019654019565,2024,Secundario,5to año / 6to año
Santa Cruz,Rural,Estatal,Satisfactorio,15.40874813503682,2024,Secundario,5to año / 6to año
Santa Cruz,Urbano,Estatal,Satisfactorio,10.398624933372222,2024,Secundario,5to año / 6to año
Santa Cruz,Urbano,Privado,Satisfactorio,23.27353865530123,2024,Secundario,5to año / 6to año
Santa Fe,Rural,Estatal,Satisfactorio,10.91961527789901,2024,Secundario,5to año / 6to año
Santa Fe,Rural,Privado,Satisfactorio,22.51682549087054,2024,Secundario,5to año / 6to año
Santa Fe,Urbano,Estatal,Satisfactorio,14.793611615997513,2024,Secundario,5to año / 6to año
Santa Fe,Urbano,Privado,Satisfactorio,27.36012013668276,2024,Secundario,5to año / 6to año
Santiago del Estero,Rural,Estatal,Satisfactorio,11.028517581299429,2024,Secundario,5to año / 6to año
Santiago del Estero,Rural,Privado,Satisfactorio,3.06595374027615,2024,Secundario,5to año / 6to año
Santiago del Estero,Urbano,Estatal,Satisfactorio,5.615543621899048,2024,Secundario,5to año / 6to año
Santiago del Estero,Urbano,Privado,Satisfactorio,12.388369515714516,2024,Secundario,5to año / 6to año
"Tierra del Fuego, Antártida e Islas del Atlántico Sur",Rural,Estatal,Satisfactorio,0.0,2024,Secundario,5to año / 6to año
"Tierra del Fuego, Antártida e Islas del Atlántico Sur",Urbano,Estatal,Satisfactorio,12.325144591908307,2024,Secundario,5to año / 6to año
"Tierra del Fuego, Antártida e Islas del Atlántico Sur",Urbano,Privado,Satisfactorio,31.527925078430215,2024,Secundario,5to año / 6to año
Tucumán,Rural,Estatal,Satisfactorio,4.985049252054065,2024,Secundario,5to año / 6to año
Tucumán,Rural,Privado,Satisfactorio,10.967501846939772,2024,Secundario,5to año / 6to año
Tucumán,Urbano,Estatal,Satisfactorio,8.415445628992881,2024,Secundario,5to año / 6to año
Tucumán,Urbano,Privado,Satisfactorio,23.44114538795803,2024,Secundario,5to año / 6to año
Buenos Aires,Rural,Estatal,Avanzado,0.02708016979961444,2024,Secundario,5to año / 6to año
Buenos Aires,Rural,Privado,Avanzado,0.132994696021121,2024,Secundario,5to año / 6to año
Buenos Aires,Urbano,Estatal,Avanzado,0.04827280702949381,2024,Secundario,5to año / 6to año
Buenos Aires,Urbano,Privado,Avanzado,0.24622867007511803,2024,Secundario,5to año / 6to año
Catamarca,Rural,Estatal,Avanzado,0.0,2024,Secundario,5to año / 6to año
Catamarca,Urbano,Estatal,Avanzado,0.0,2024,Secundario,5to año / 6to año
Catamarca,Urbano,Privado,Avanzado,0.09999191677502836,2024,Secundario,5to año / 6to año
Chaco,Rural,Estatal,Avanzado,0.2864329116675495,2024,Secundario,5to año / 6to año
Chaco,Rural,Privado,Avanzado,0.0,2024,Secundario,5to año / 6to año
Chaco,Urbano,Estatal,Avanzado,0.012776017970352735,2024,Secundario,5to año / 6to año
Chaco,Urbano,Privado,Avanzado,0.03859967087596195,2024,Secundario,5to año / 6to año
Chubut,Rural,Estatal,Avanzado,0.1614160083738896,2024,Secundario,5to año / 6to año
Chubut,Rural,Privado,Avanzado,0.0,2024,Secundario,5to año / 6to año
Chubut,Urbano,Estatal,Avanzado,0.026115846734686025,2024,Secundario,5to año / 6to año
Chubut,Urbano,Privado,Avanzado,0.2521274105402476,2024,Secundario,5to año / 6to año
Ciudad Autónoma de Buenos Aires,Urbano,Estatal,Avanzado,0.4440329169318268,2024,Secundario,5to año / 6to año
Ciudad Autónoma de Buenos Aires,Urbano,Privado,Avanzado,0.6597604393499485,2024,Secundario,5to año / 6to año
Corrientes,Rural,Estatal,Avanzado,0.0,2024,Secundario,5to año / 6to año
Corrientes,Rural,Privado,Avanzado,0.0,2024,Secundario,5to año / 6to año
Corrientes,Urbano,Estatal,Avanzado,0.050330742395480174,2024,Secundario,5to año / 6to año
Corrientes,Urbano,Privado,Avanzado,0.18003735519195133,2024,Secundario,5to año / 6to año
Córdoba,Rural,Estatal,Avanzado,0.08190565734488256,2024,Secundario,5to año / 6to año
Córdoba,Rural,Privado,Avanzado,0.0,2024,Secundario,5to año / 6to año
Córdoba,Urbano,Estatal,Avanzado,0.09668658328031088,2024,Secundario,5to año / 6to año
Córdoba,Urbano,Privado,Avanzado,0.35148868794910787,2024,Secundario,5to año / 6to año
Entre Ríos,Rural,Estatal,Avanzado,0.0823016590077047,2024,Secundario,5to año / 6to año
Entre Ríos,Rural,Privado,Avanzado,0.0,2024,Secundario,5to año / 6to año
Entre Ríos,Urbano,Estatal,Avanzado,0.06922160745274125,2024,Secundario,5to año / 6to año
Entre Ríos,Urbano,Privado,Avanzado,0.2286221876981704,2024,Secundario,5to año / 6to año
Formosa,Rural,Estatal,Avanzado,0.0,2024,Secundario,5to año / 6to año
Formosa,Rural,Privado,Avanzado,0.0,2024,Secundario,5to año / 6to año
Formosa,Urbano,Estatal,Avanzado,0.07274114181083928,2024,Secundario,5to año / 6to año
Formosa,Urbano,Privado,Avanzado,0.0,2024,Secundario,5to año / 6to año
Jujuy,Rural,Estatal,Avanzado,0.0,2024,Secundario,5to año / 6to año
Jujuy,Urbano,Estatal,Avanzado,0.04870921987718765,2024,Secundario,5to año / 6to año
Jujuy,Urbano,Privado,Avanzado,0.07586925191812134,2024,Secundario,5to año / 6to año
La Pampa,Rural,Estatal,Avanzado,0.0,2024,Secundario,5to año / 6to año
La Pampa,Urbano,Estatal,Avanzado,0.19643426275377665,2024,Secundario,5to año / 6to año
La Pampa,Urbano,Privado,Avanzado,0.238865769166574,2024,Secundario,5to año / 6to año
La Rioja,Rural,Estatal,Avanzado,0.0,2024,Secundario,5to año / 6to año
La Rioja,Rural,Privado,Avanzado,0.0,2024,Secundario,5to año / 6to año
La Rioja,Urbano,Estatal,Avanzado,0.029724768052764198,2024,Secundario,5to año / 6to año
La Rioja,Urbano,Privado,Avanzado,0.13212762265094427,2024,Secundario,5to año / 6to año
Mendoza,Rural,Estatal,Avanzado,0.0,2024,Secundario,5to año / 6to año
Mendoza,Rural,Privado,Avanzado,0.0,2024,Secundario,5to año / 6to año
Mendoza,Urbano,Estatal,Avanzado,0.1211434535807679,2024,Secundario,5to año / 6to año
Mendoza,Urbano,Privado,Avanzado,0.3500363553597162,2024,Secundario,5to año / 6to año
Misiones,Rural,Estatal,Avanzado,0.0,2024,Secundario,5to año / 6to año
Misiones,Rural,Privado,Avanzado,0.0,2024,Secundario,5to año / 6to año
Misiones,Urbano,Estatal,Avanzado,0.0,2024,Secundario,5to año / 6to año
Misiones,Urbano,Privado,Avanzado,0.1116049168070223,2024,Secundario,5to año / 6to año
Neuquén,Rural,Estatal,Avanzado,0.0,2024,Secundario,5to año / 6to año
Neuquén,Rural,Privado,Avanzado,0.0,2024,Secundario,5to año / 6to año
Neuquén,Urbano,Estatal,Avanzado,0.0,2024,Secundario,5to año / 6to año
Neuquén,Urbano,Privado,Avanzado,0.6451409690931962,2024,Secundario,5to año / 6to año
Río Negro,Rural,Estatal,Avanzado,0.0,2024,Secundario,5to año / 6to año
Río Negro,Urbano,Estatal,Avanzado,0.019896044152812046,2024,Secundario,5to año / 6to año
Río Negro,Urbano,Privado,Avanzado,0.4858942216562563,2024,Secundario,5to año / 6to año
Salta,Rural,Estatal,Avanzado,0.0,2024,Secundario,5to año / 6to año
Salta,Rural,Privado,Avanzado,0.0,2024,Secundario,5to año / 6to año
Salta,Urbano,Estatal,Avanzado,0.04829781568888143,2024,Secundario,5to año / 6to año
Salta,Urbano,Privado,Avanzado,0.26975704247172744,2024,Secundario,5to año / 6to año
San Juan,Rural,Estatal,Avanzado,0.0,2024,Secundario,5to año / 6to año
San Juan,Rural,Privado,Avanzado,0.0,2024,Secundario,5to año / 6to año
San Juan,Urbano,Estatal,Avanzado,0.07338736086118101,2024,Secundario,5to año / 6to año
San Juan,Urbano,Privado,Avanzado,0.0,2024,Secundario,5to año / 6to año
San Luis,Rural,Estatal,Avanzado,0.0,2024,Secundario,5to año / 6to año
San Luis,Urbano,Estatal,Avanzado,0.09756155614616882,2024,Secundario,5to año / 6to año
San Luis,Urbano,Privado,Avanzado,0.43796231129463736,2024,Secundario,5to año / 6to año
Santa Cruz,Rural,Estatal,Avanzado,0.0,2024,Secundario,5to año / 6to año
Santa Cruz,Urbano,Estatal,Avanzado,0.029648231265808712,2024,Secundario,5to año / 6to año
Santa Cruz,Urbano,Privado,Avanzado,0.27730487385235064,2024,Secundario,5to año / 6to año
Santa Fe,Rural,Estatal,Avanzado,0.0,2024,Secundario,5to año / 6to año
Santa Fe,Rural,Privado,Avanzado,0.1915708740002328,2024,Secundario,5to año / 6to año
Santa Fe,Urbano,Estatal,Avanzado,0.107137368614612,2024,Secundario,5to año / 6to año
Santa Fe,Urbano,Privado,Avanzado,0.1911340619557437,2024,Secundario,5to año / 6to año
Santiago del Estero,Rural,Estatal,Avanzado,0.0,2024,Secundario,5to año / 6to año
Santiago del Estero,Rural,Privado,Avanzado,0.0,2024,Secundario,5to año / 6to año
Santiago del Estero,Urbano,Estatal,Avanzado,0.0,2024,Secundario,5to año / 6to año
Santiago del Estero,Urbano,Privado,Avanzado,0.0,2024,Secundario,5to año / 6to año
"Tierra del Fuego, Antártida e Islas del Atlántico Sur",Rural,Estatal,Avanzado,0.0,2024,Secundario,5to año / 6to año
"Tierra del Fuego, Antártida e Islas del Atlántico Sur",Urbano,Estatal,Avanzado,0.05617071469488659,2024,Secundario,5to año / 6to año
"Tierra del Fuego, Antártida e Islas del Atlántico Sur",Urbano,Privado,Avanzado,0.8032665796126796,2024,Secundario,5to año / 6to año
Tucumán,Rural,Estatal,Avanzado,0.0,2024,Secundario,5to año / 6to año
Tucumán,Rural,Privado,Avanzado,0.0,2024,Secundario,5to año / 6to año
Tucumán,Urbano,Estatal,Avanzado,0.05338512271849552,2024,Secundario,5to año / 6to año
Tucumán,Urbano,Privado,Avanzado,0.1254106308218336,2024,Secundario,5to año / 6to año
